duration,protocol_type,service,flag,src_bytes,dst_bytes,wrong_fragment,urgent,count,srv_count,label
154,udp,http,SF,36119,6168,2,2,34,149,attack
88,udp,ssh,SF,16772,5944,3,0,164,51,attack
645,icmp,dns,SF,13998,812,0,0,91,37,normal
147,icmp,http,REJ,37717,11844,0,2,166,183,attack
99,icmp,http,SF,41567,13497,3,2,156,129,attack
476,icmp,ssh,S0,10822,4070,0,0,30,93,normal
506,udp,ssh,REJ,40908,4797,0,2,127,62,attack
155,udp,ssh,SF,3543,12526,1,1,108,64,normal
593,udp,http,SF,9845,7767,0,0,113,109,normal
591,icmp,ssh,REJ,47964,25283,2,0,138,110,attack
119,udp,http,S0,19837,8476,1,1,120,147,attack
459,udp,dns,REJ,9973,28214,2,2,126,111,attack
389,tcp,smtp,SF,6774,2478,0,0,21,82,normal
186,udp,ftp,SF,5773,6864,1,1,36,108,normal
973,icmp,http,S0,13857,6521,1,1,33,81,normal
63,tcp,http,SF,15438,2659,0,1,96,26,normal
580,tcp,dns,SF,24829,1671,0,0,177,116,attack
258,udp,dns,REJ,32073,8050,0,1,139,142,attack
87,tcp,http,S0,9675,7841,0,0,46,87,normal
706,icmp,http,S0,3982,11406,1,1,41,65,normal
545,icmp,dns,S0,8308,10047,0,0,71,114,normal
204,icmp,ssh,S0,1949,457,1,1,53,44,normal
979,udp,ssh,S0,12948,1319,0,0,49,80,normal
209,udp,dns,SF,32422,22544,0,2,50,119,attack
768,tcp,ssh,SF,15218,12929,1,0,112,70,normal
761,tcp,smtp,SF,5162,451,0,1,103,38,normal
610,udp,ftp,SF,5292,350,0,0,87,115,normal
444,tcp,smtp,SF,9252,3486,1,0,117,95,normal
557,udp,smtp,SF,49491,23185,3,2,169,152,attack
939,icmp,smtp,SF,17729,306,1,0,97,20,normal
153,tcp,smtp,S0,4943,9117,0,1,107,86,normal
494,tcp,dns,SF,9142,3134,1,0,118,32,normal
575,tcp,http,S0,11669,10035,0,1,77,85,normal
489,icmp,smtp,S0,7638,13762,1,0,73,35,normal
323,tcp,smtp,S0,3396,3484,1,0,119,39,normal
658,icmp,ftp,SF,9293,2248,1,0,115,32,normal
498,tcp,smtp,SF,15140,8447,1,1,73,45,normal
94,icmp,ftp,SF,12074,9077,1,1,110,22,normal
529,icmp,ftp,SF,4697,12916,0,0,30,53,normal
927,tcp,ftp,S0,28672,16948,3,0,157,151,attack
717,udp,http,S0,2885,13100,0,1,29,54,normal
649,tcp,ftp,SF,8287,1091,1,0,78,21,normal
566,udp,ftp,S0,3831,34531,1,0,61,87,attack
206,udp,ftp,S0,20002,29208,1,1,108,24,attack
37,tcp,http,SF,17850,7778,0,1,33,104,normal
442,icmp,ssh,S0,17603,5042,0,0,63,45,normal
723,icmp,smtp,S0,12388,891,0,0,29,100,normal
261,udp,smtp,SF,3768,10899,1,1,96,51,normal
46,udp,smtp,SF,9815,7304,0,1,66,62,normal
560,udp,smtp,SF,11143,3569,1,0,20,62,normal
486,udp,dns,SF,9132,8269,0,0,53,31,normal
600,tcp,ssh,SF,20637,19938,1,0,169,155,attack
158,icmp,dns,S0,11686,11807,1,0,56,112,normal
148,tcp,dns,S0,17565,2282,0,0,30,23,normal
652,udp,http,RSTR,30582,3327,0,2,156,194,attack
270,tcp,ssh,SF,33962,6025,0,2,141,84,attack
866,udp,smtp,SF,8560,12121,1,1,68,29,normal
700,udp,http,SF,3538,9825,0,1,52,103,normal
311,icmp,dns,SF,1408,7903,0,1,54,106,normal
222,icmp,ssh,REJ,47456,33851,2,1,139,139,attack
915,icmp,smtp,S0,3813,7748,0,1,78,29,normal
991,udp,ftp,S0,7875,3452,0,0,38,115,normal
975,udp,smtp,S0,4692,11523,1,0,83,82,normal
162,tcp,ssh,S0,14284,4947,0,1,64,68,normal
860,udp,http,REJ,23169,26100,0,0,23,94,attack
66,udp,ssh,SF,24639,28052,2,0,91,46,attack
677,udp,smtp,S0,18414,28589,2,0,115,129,attack
831,icmp,ssh,SF,3640,810,1,1,98,116,normal
890,udp,ssh,SF,37051,8343,1,1,126,107,attack
261,icmp,ftp,RSTR,43991,15641,2,1,162,191,attack
171,icmp,smtp,SF,7811,8201,1,0,77,62,normal
460,udp,smtp,SF,8998,1486,0,1,91,31,normal
377,udp,dns,S0,2316,27052,3,1,154,73,attack
346,tcp,ssh,S0,12801,2062,0,0,54,51,normal
661,udp,ssh,S0,1714,2084,0,1,110,117,normal
484,icmp,ssh,SF,3396,6414,1,1,51,120,normal
158,tcp,dns,SF,48299,29971,0,2,30,20,attack
238,icmp,http,S0,5193,10264,1,1,109,117,normal
72,udp,dns,S0,26433,17097,1,2,20,22,attack
471,udp,ftp,SF,16574,8622,0,0,23,72,normal
314,tcp,http,SF,17328,11050,1,0,52,49,normal
947,udp,smtp,S0,2117,11400,1,1,66,107,normal
6,udp,dns,SF,7724,8121,0,1,118,44,normal
226,udp,ftp,SF,41868,32490,1,0,144,126,attack
57,icmp,smtp,S0,2781,3488,0,0,73,26,normal
188,udp,ssh,S0,4709,1300,0,1,44,43,normal
537,icmp,ssh,SF,11217,10886,1,1,62,76,normal
2,tcp,ftp,SF,24033,27537,0,2,73,117,attack
841,udp,ssh,SF,2614,11554,1,0,67,89,normal
197,udp,ftp,S0,1992,10349,1,0,100,118,normal
384,tcp,ssh,SF,3031,4210,0,0,97,63,normal
343,icmp,http,S0,11370,4515,1,0,112,116,normal
824,icmp,http,SF,8663,1757,1,1,119,69,normal
935,udp,ssh,SF,17270,2997,0,1,108,118,normal
241,udp,ftp,RSTR,24714,5178,1,1,60,83,attack
665,tcp,ssh,S0,6265,6988,0,0,53,99,normal
98,udp,ssh,RSTR,12350,15348,1,1,137,178,attack
240,icmp,dns,SF,10631,4813,1,1,67,52,normal
203,udp,smtp,SF,9039,3858,0,1,94,44,normal
405,udp,smtp,S0,43574,6589,3,0,46,21,attack
838,tcp,ssh,S0,2322,4811,0,0,26,44,normal
847,icmp,smtp,SF,13197,8399,0,1,97,53,normal
680,tcp,http,S0,8131,613,1,1,38,25,normal
261,tcp,dns,S0,1745,21446,3,2,115,67,attack
79,tcp,http,S0,16843,1036,1,0,70,104,normal
654,icmp,http,SF,14034,11393,1,1,56,105,normal
976,tcp,ftp,REJ,28137,27292,0,1,184,70,attack
414,tcp,http,S0,6130,6942,0,0,71,93,normal
471,tcp,smtp,SF,2693,9036,0,1,31,93,normal
379,icmp,dns,SF,5780,5700,1,0,86,41,normal
111,udp,ssh,SF,10883,2075,0,1,60,26,normal
651,udp,http,SF,8276,10175,1,0,80,43,normal
42,udp,dns,SF,13569,5885,0,0,51,112,normal
197,tcp,dns,SF,11623,1928,1,1,90,100,normal
664,udp,ftp,SF,14950,6376,1,1,84,76,normal
3,icmp,ssh,RSTR,16417,29282,3,0,141,122,attack
131,udp,ssh,REJ,7010,28964,0,0,182,53,attack
751,udp,dns,SF,4556,33025,3,2,54,26,attack
628,icmp,http,SF,5312,8058,1,0,107,120,normal
226,tcp,ftp,S0,6202,5305,1,1,38,52,normal
941,udp,smtp,S0,17580,3889,1,1,24,45,normal
165,icmp,ftp,REJ,25696,11058,2,0,155,32,attack
368,udp,dns,SF,9258,8776,1,1,53,68,normal
591,tcp,ftp,S0,3666,7246,0,0,98,115,normal
303,icmp,ftp,S0,11244,12010,0,0,48,39,normal
640,udp,ssh,REJ,4131,8652,3,0,176,187,attack
55,tcp,dns,REJ,20905,6970,2,2,77,125,attack
603,tcp,smtp,S0,16561,2598,0,0,51,110,normal
98,tcp,smtp,REJ,27342,17317,0,0,185,163,attack
608,icmp,dns,S0,17960,12018,1,0,41,20,normal
544,tcp,ssh,S0,16575,10434,0,0,23,176,attack
963,tcp,smtp,S0,7537,8491,1,0,85,59,normal
640,tcp,ssh,SF,25586,28616,3,0,187,135,attack
107,udp,smtp,SF,9078,21988,2,2,33,88,attack
695,udp,dns,S0,10686,10518,0,0,84,21,normal
926,tcp,smtp,S0,49899,21421,1,1,104,173,attack
929,icmp,dns,RSTR,31942,34774,0,0,131,79,attack
315,tcp,ssh,SF,6621,2369,0,0,34,33,normal
165,udp,smtp,SF,2011,682,0,0,109,28,normal
67,icmp,ftp,SF,3160,12382,1,0,51,46,normal
34,tcp,http,REJ,32268,6545,1,0,185,72,attack
344,udp,ftp,SF,23996,16823,2,0,114,102,attack
616,icmp,ssh,S0,2015,12927,1,0,75,86,normal
355,udp,http,SF,3978,9413,1,0,75,20,normal
295,tcp,http,S0,17083,1567,1,0,83,95,normal
851,icmp,ftp,S0,19594,14071,1,1,62,48,attack
785,tcp,ssh,SF,11703,5826,0,1,70,115,normal
909,icmp,http,REJ,14508,19866,2,1,159,148,attack
905,icmp,smtp,RSTR,9315,34835,0,1,168,103,attack
888,udp,dns,S0,6555,7588,1,1,94,49,normal
473,icmp,smtp,S0,18529,19759,1,2,59,83,attack
617,icmp,ftp,SF,8740,5375,0,1,113,33,normal
673,tcp,smtp,RSTR,10893,9720,2,2,96,131,attack
111,icmp,http,REJ,14529,25450,3,0,23,122,attack
447,icmp,smtp,S0,16180,362,0,1,97,114,normal
758,tcp,ssh,S0,8489,10942,0,0,102,35,normal
320,udp,http,S0,8942,12818,1,0,52,74,normal
20,icmp,ssh,SF,11749,12749,0,1,82,33,normal
556,tcp,smtp,S0,35027,22820,0,2,136,158,attack
487,icmp,http,REJ,35189,22469,3,2,136,73,attack
188,udp,dns,SF,12648,10445,0,1,55,68,normal
13,tcp,ssh,S0,12538,9505,1,0,48,58,normal
962,icmp,smtp,S0,16142,3473,0,0,119,28,normal
649,tcp,ssh,SF,5792,5785,1,1,57,117,normal
128,udp,ftp,SF,9762,11537,1,1,74,106,normal
2,icmp,ftp,REJ,17054,19780,2,1,144,129,attack
87,icmp,ftp,SF,10934,13999,1,0,30,92,normal
802,tcp,dns,S0,1491,10769,0,0,29,103,normal
622,tcp,dns,S0,16311,12167,3,1,59,73,attack
810,icmp,smtp,SF,10733,3233,1,0,87,30,normal
449,icmp,http,SF,9666,6865,0,0,80,83,normal
495,udp,smtp,S0,9079,8162,0,0,40,61,normal
576,udp,ftp,S0,13286,6976,1,0,43,101,normal
662,tcp,http,SF,11828,13248,0,1,82,116,normal
34,tcp,ssh,SF,12095,1547,1,1,80,119,normal
789,tcp,ftp,S0,12205,6920,1,0,57,57,normal
505,udp,ftp,S0,17594,5649,0,1,35,62,normal
730,udp,smtp,SF,3624,26140,3,2,166,32,attack
111,tcp,http,SF,16566,9972,0,1,98,38,normal
713,icmp,dns,SF,7963,646,1,0,32,104,normal
37,udp,http,SF,25174,9089,2,2,86,97,attack
35,udp,http,RSTR,38115,3579,3,2,153,30,attack
792,udp,dns,S0,15629,1101,0,1,96,95,normal
675,tcp,ssh,S0,4343,1358,1,0,39,100,normal
4,tcp,http,SF,15302,7952,1,1,24,90,attack
248,udp,smtp,SF,12988,12681,0,0,57,100,normal
510,udp,ftp,SF,2047,186,0,0,103,107,normal
81,udp,ftp,S0,6439,13679,1,0,60,67,normal
745,udp,ssh,SF,5748,13063,0,1,102,40,normal
427,udp,ssh,S0,9912,12855,1,1,55,27,normal
666,icmp,dns,S0,1507,13619,0,1,94,74,normal
252,udp,ssh,S0,8679,13229,1,1,108,20,normal
274,udp,smtp,SF,19908,9218,1,1,160,195,attack
511,udp,dns,SF,16884,13064,1,0,120,116,normal
239,udp,dns,SF,13959,7623,0,1,95,116,normal
394,udp,dns,SF,36137,23272,0,0,121,168,attack
265,icmp,ftp,S0,17586,9655,0,0,47,44,normal
825,icmp,ftp,REJ,38871,23520,3,2,58,83,attack
505,udp,http,REJ,42467,30371,0,0,100,172,attack
287,icmp,dns,SF,7165,2200,1,2,144,170,attack
267,udp,ssh,SF,15642,12570,0,1,24,63,normal
185,udp,http,SF,4342,2281,2,2,137,144,attack
931,tcp,dns,S0,4929,11573,0,1,60,92,normal
91,icmp,dns,RSTR,12971,29382,1,1,80,76,attack
964,udp,ftp,SF,37230,1820,0,1,151,185,attack
495,tcp,http,SF,11409,12369,0,0,106,115,normal
605,udp,http,RSTR,22228,24358,2,1,51,115,attack
172,udp,smtp,SF,1413,7666,0,0,40,48,normal
633,udp,smtp,RSTR,7356,25236,0,2,39,135,attack
330,tcp,ssh,SF,12994,2339,1,0,114,27,normal
462,icmp,smtp,RSTR,10790,17458,3,1,83,59,attack
584,udp,ftp,S0,18083,32178,0,1,136,143,attack
525,tcp,smtp,RSTR,19758,7811,2,0,113,130,attack
244,tcp,http,S0,10483,6809,0,0,112,57,normal
655,tcp,ssh,REJ,34474,9184,3,0,154,93,attack
445,tcp,ssh,S0,19143,11841,1,0,153,78,attack
201,icmp,http,SF,17235,12472,1,0,46,37,normal
724,icmp,smtp,S0,7628,164,0,1,112,27,normal
355,udp,ftp,S0,3959,253,1,1,37,105,normal
190,icmp,ftp,SF,11714,24324,0,1,153,134,attack
73,tcp,ftp,SF,11517,12765,1,0,57,33,normal
506,udp,dns,SF,5403,338,0,0,48,99,normal
105,udp,ftp,SF,2274,6322,1,1,24,173,attack
475,icmp,smtp,S0,4370,5745,0,0,25,54,normal
505,icmp,dns,REJ,8211,7997,0,1,55,158,attack
881,tcp,smtp,S0,13996,2692,0,1,108,73,normal
617,icmp,http,S0,2702,12728,1,1,71,50,normal
732,udp,dns,S0,14126,13887,0,1,86,38,normal
956,udp,smtp,S0,1378,5970,0,0,28,61,normal
516,icmp,http,SF,5568,6893,1,1,101,25,normal
905,tcp,http,S0,9959,10293,0,0,52,35,normal
444,tcp,http,S0,4704,5003,1,0,35,27,normal
979,icmp,ftp,SF,16283,9670,0,1,35,85,normal
300,udp,dns,REJ,18964,15951,0,2,159,93,attack
624,icmp,dns,SF,13669,3296,1,1,90,58,normal
480,udp,http,SF,11933,3630,0,1,94,70,normal
361,tcp,smtp,REJ,37480,21330,3,1,92,75,attack
790,tcp,smtp,SF,40709,22806,3,2,35,152,attack
450,udp,http,SF,6063,6828,1,1,37,106,normal
625,udp,dns,SF,49415,31145,2,2,181,200,attack
891,tcp,http,RSTR,37041,7697,3,1,166,58,attack
802,udp,dns,SF,13437,13954,1,1,56,112,normal
361,udp,dns,S0,11551,110,1,1,76,58,normal
311,tcp,ssh,RSTR,39114,15200,0,1,102,175,attack
981,udp,smtp,S0,1350,419,0,1,92,83,normal
549,udp,dns,RSTR,34911,33899,3,1,138,111,attack
692,udp,ssh,SF,45333,4474,1,0,124,115,attack
664,icmp,dns,SF,7167,6901,1,1,76,118,normal
601,udp,dns,SF,6594,5942,1,1,29,59,normal
113,icmp,ftp,S0,17674,6895,0,1,85,46,normal
192,udp,smtp,SF,4493,5786,0,1,21,120,normal
727,icmp,dns,SF,20952,26054,0,2,23,191,attack
179,udp,dns,REJ,43389,34831,1,2,70,125,attack
148,tcp,dns,SF,1951,1640,0,0,86,82,normal
627,udp,http,SF,11578,2358,0,1,55,41,normal
643,tcp,dns,SF,23865,12560,3,2,118,25,attack
911,udp,dns,SF,29812,3577,1,0,77,31,attack
601,tcp,ftp,SF,30847,19901,3,2,84,146,attack
69,tcp,ssh,SF,14549,5065,1,1,22,51,normal
174,udp,ssh,S0,1500,19051,3,2,112,49,attack
892,udp,ftp,RSTR,43682,4289,0,1,109,161,attack
195,udp,ftp,REJ,16543,28545,0,1,190,26,attack
159,tcp,smtp,SF,13864,17672,1,2,133,139,attack
824,tcp,smtp,S0,12564,3546,1,1,100,94,normal
973,udp,dns,S0,15894,29667,1,2,86,172,attack
601,udp,dns,SF,14243,9964,0,0,116,35,normal
93,icmp,ftp,S0,1940,10772,0,1,21,69,normal
711,tcp,smtp,S0,7170,10858,0,0,91,66,normal
776,udp,smtp,SF,11199,1440,0,1,36,111,normal
364,udp,ssh,SF,10061,2890,0,1,106,104,normal
918,udp,http,S0,9140,13872,1,1,100,32,normal
117,udp,dns,S0,47700,2651,3,0,175,61,attack
775,udp,smtp,S0,2285,9049,1,0,92,49,normal
733,icmp,ftp,S0,12437,15,0,1,25,94,normal
48,tcp,http,SF,11438,3442,1,0,73,108,normal
765,icmp,smtp,S0,3946,5718,1,1,63,108,normal
704,icmp,ssh,SF,7749,7018,0,1,117,44,normal
719,icmp,ftp,S0,36809,10727,1,2,86,83,attack
172,udp,ftp,S0,4032,3299,1,0,37,107,normal
686,udp,smtp,SF,1192,8444,1,0,102,64,normal
136,icmp,smtp,SF,11930,10312,0,1,117,41,normal
158,icmp,ssh,S0,7760,1875,1,0,66,82,normal
61,udp,ftp,S0,8247,20245,3,0,61,103,attack
582,udp,ftp,SF,3353,746,0,1,116,82,normal
734,udp,dns,REJ,8130,32038,3,1,68,159,attack
367,tcp,ftp,REJ,43799,16121,0,0,27,26,attack
859,tcp,ftp,S0,7086,10454,0,0,120,112,normal
760,icmp,ftp,S0,7047,10605,1,1,49,67,normal
941,udp,ftp,S0,4782,2703,0,2,180,200,attack
51,tcp,ssh,S0,17368,11972,0,1,97,94,normal
145,icmp,smtp,SF,5531,7261,1,0,25,76,normal
223,icmp,ftp,SF,2049,13776,1,0,56,29,normal
526,icmp,ssh,S0,3055,7187,0,0,112,41,normal
4,udp,dns,S0,7403,7681,0,1,86,78,normal
547,icmp,smtp,S0,3668,13289,0,1,97,104,normal
584,udp,ftp,RSTR,44024,8968,2,1,155,182,attack
193,tcp,ssh,SF,10628,24380,3,1,155,81,attack
405,udp,http,SF,6914,3323,0,0,52,103,normal
543,icmp,ftp,RSTR,15876,30025,1,2,166,198,attack
525,icmp,dns,SF,27740,4815,3,0,148,160,attack
858,tcp,dns,SF,16072,13602,1,0,44,92,normal
95,tcp,ftp,SF,14249,3881,0,1,25,21,normal
978,tcp,ssh,S0,4949,11590,0,1,31,99,normal
206,icmp,http,S0,6505,6012,1,0,52,35,normal
525,icmp,dns,REJ,48302,32046,0,2,110,45,attack
335,icmp,http,SF,8944,4171,1,0,108,77,normal
595,udp,http,SF,32984,7236,0,1,67,58,attack
296,icmp,ssh,SF,9200,8821,1,1,21,23,normal
154,udp,dns,RSTR,3073,2323,0,0,178,185,attack
401,udp,smtp,S0,13891,3755,0,1,62,87,normal
915,tcp,dns,SF,14853,11123,2,2,139,104,attack
397,udp,ftp,SF,11993,9488,1,1,49,22,normal
897,icmp,http,S0,48642,9414,2,1,89,36,attack
268,udp,dns,SF,2117,9185,0,0,119,74,normal
649,tcp,ftp,S0,8800,13053,0,0,58,117,normal
371,icmp,smtp,REJ,37093,26605,2,0,200,106,attack
904,udp,dns,S0,8976,13258,0,1,39,37,normal
910,icmp,ssh,RSTR,30197,25957,2,0,170,36,attack
737,udp,ftp,REJ,5816,12467,0,2,65,97,attack
479,udp,ssh,SF,16876,5230,0,1,52,89,normal
